,defGrapplingEloPost,defStrikeEloPost,name,offGrapplingEloPost,offStrikeEloPost,total
25910112-c77b-47c0-94db-fb9c76b6625f,4.444444444444445,12.592592592592593,Yves Edwards,68.39506172839506,84.44444444444444,35.48951048951049
05e8d1e3-9ebe-417c-ae1a-9f6a15aa34f3,0.24691358024691357,51.851851851851855,Melvin Guillard,1.728395061728395,99.50617283950618,23.076923076923077
e2e03e74-48e7-436d-bf85-890ce97e687d,44.19753086419753,55.80246913580247,Kenny Florian,99.50617283950618,81.48148148148148,89.5104895104895
91c06b46-f53b-4656-b73f-be99044fff7a,13.580246913580247,6.172839506172839,Sam Stout,0.9876543209876543,27.160493827160494,0.6993006993006993
efc38411-acad-4d22-93d4-192eada4730f,16.54320987654321,42.71604938271605,Spencer Fisher,81.72839506172839,63.7037037037037,58.04195804195804
4b09252b-ed43-4ac2-aa2d-a783672cd4ce,24.938271604938272,58.76543209876543,Danny Abbadi,40.49382716049383,37.03703703703704,27.622377622377623
5a50ec0d-b164-44d0-af5c-428c47cf9008,38.76543209876543,89.87654320987654,Jorge Gurgel,5.925925925925926,3.2098765432098766,11.888111888111888
2bc5b39b-2c5c-4d8b-b3e4-d4363c452a23,6.666666666666667,43.45679012345679,David Lee,43.7037037037037,46.41975308641975,13.986013986013987
1a0a3042-5f92-499a-9396-85255ff5dfdd,94.81481481481481,47.407407407407405,Tyson Griffin,67.4074074074074,67.4074074074074,88.1118881118881
7cbfd85b-3b8a-4efd-bd94-ef4ac9d0e8b8,28.395061728395063,59.75308641975309,Jason Dent,68.64197530864197,12.098765432098766,34.09090909090909
15fa3188-24d8-458f-864b-c99bccae67d5,5.185185185185185,15.308641975308642,Jamie Varner,70.37037037037037,89.1358024691358,41.78321678321678
0c8fc449-62a6-4749-8618-d4b80d45fafb,16.296296296296298,22.469135802469136,Jens Pulver,51.60493827160494,40.74074074074074,10.48951048951049
c94ffd45-60e7-4961-8c37-de7305e82848,40.74074074074074,3.45679012345679,Gabe Ruediger,33.82716049382716,30.37037037037037,5.944055944055944
565ad540-828a-4b1e-9e6d-ff05594d6db9,44.44444444444444,94.5679012345679,Roger Huerta,73.82716049382717,87.1604938271605,93.7062937062937
d6f3e6d6-97d8-4868-b37e-d64a15b9e90a,44.93827160493827,31.85185185185185,Hermes Franca,92.8395061728395,2.7160493827160495,37.76223776223776
72ec11ef-fcd5-4c3f-b57f-81d0ad3c2113,33.333333333333336,71.11111111111111,Din Thomas,88.88888888888889,10.123456790123457,55.59440559440559
7a8df7f0-1170-427c-8b09-dee41cb2c865,28.88888888888889,24.444444444444443,Dan Lauzon,37.28395061728395,70.12345679012346,27.272727272727273
44730a69-527f-4d61-9f00-e54c14e5afa8,13.333333333333334,97.53086419753086,Kurt Pellegrino,96.54320987654322,63.20987654320987,85.31468531468532
01f1a305-1bed-4cb1-aeb3-058026ffa4ce,10.864197530864198,64.93827160493827,Dokonjonosuke Mishima,62.96296296296296,35.30864197530864,38.81118881118881
fb0f843c-5db8-408f-9bca-7dd1e2d39db0,0.49382716049382713,17.530864197530864,Clay Guida,86.17283950617283,65.4320987654321,34.96503496503497
69da97fd-f896-4bdc-bd9d-ebde68d82957,99.01234567901234,98.76543209876543,Frankie Edgar,66.41975308641975,69.87654320987654,97.55244755244755
88f68484-b598-417b-ade0-233f7033113b,65.4320987654321,22.22222222222222,John Halverson,42.71604938271605,38.51851851851852,34.09090909090909
962fbfec-6503-4498-a46a-d445953dca54,7.407407407407407,44.44444444444444,Junior Assuncao,80.98765432098766,68.64197530864197,53.84615384615385
cbbbb5a1-76c5-49b9-a91c-7095b634e256,2.2222222222222223,92.09876543209876,Rich Clementi,94.07407407407408,1.728395061728395,45.97902097902098
693e34fb-7875-403d-91b3-04d0a4d233a0,78.51851851851852,53.82716049382716,Diego Saraiva,65.4320987654321,12.345679012345679,63.11188811188811
a2e96b6a-6231-4e84-bb38-cd11466a777f,10.617283950617283,3.7037037037037037,Dustin Hazelett,98.0246913580247,65.18518518518519,40.20979020979021
49c4bcb0-afdc-4f0c-b852-2af1f9768c61,67.4074074074074,73.08641975308642,Doug Evans,37.53086419753087,31.604938271604937,61.88811188811189
ed25fcc9-bf4e-4a33-b531-b7e29e4b7258,99.25925925925925,55.30864197530864,Nate Diaz,97.77777777777777,95.55555555555556,98.6013986013986
04026db8-f8e1-4b2a-b5ce-d3172658265f,7.160493827160494,60.24691358024691,Jeff Cox,57.53086419753087,51.111111111111114,39.51048951048951
f28bc505-5b75-47f0-87b6-eef5b0016a61,17.037037037037038,20.0,Gleison Tibau,96.04938271604938,17.28395061728395,20.27972027972028
0cf77590-7218-4e7d-ac3f-dc0b7c3d56ea,48.641975308641975,13.82716049382716,BJ Penn,84.93827160493827,65.67901234567901,65.73426573426573
e8d6a341-ad1d-4723-aec0-0ed548e727a5,64.44444444444444,59.50617283950617,Luke Caudillo,38.02469135802469,36.04938271604938,50.34965034965035
f3349d71-a2b8-4d2f-8546-e93b9eba444c,99.50617283950618,0.7407407407407407,Gray Maynard,1.2345679012345678,4.444444444444445,4.195804195804196
f940bd02-0de2-4827-ae67-7af2652d8ccc,30.617283950617285,10.37037037037037,Naoyuki Kotani,13.82716049382716,6.666666666666667,1.048951048951049
22ebc3c4-baec-4cf6-ac52-7d4afa6997ee,8.88888888888889,31.604938271604937,Nate Mohr,23.209876543209877,18.51851851851852,2.097902097902098
24383123-d975-4076-8577-5b0891215c43,41.23456790123457,38.76543209876543,Terry Etim,96.79012345679013,83.45679012345678,81.11888111888112
5b821f55-d7f4-4550-910c-108684127824,34.81481481481482,60.0,Jason Black,88.64197530864197,29.876543209876544,66.60839160839161
d9071927-2f6b-470c-a4cb-48a3ab56d48a,45.4320987654321,2.4691358024691357,Thiago Tavares,94.5679012345679,61.48148148148148,56.11888111888112
0d790fbd-0eaa-4936-b871-68e9b8d18402,6.172839506172839,50.370370370370374,Jeremy Stephens,2.2222222222222223,93.33333333333333,22.202797202797203
fc730351-5911-4730-b357-fb5a59acfd75,92.09876543209876,5.925925925925926,Cole Miller,99.75308641975309,95.80246913580247,92.3076923076923
e9e8e0e8-f896-4697-9e5a-ad71c40b5ff5,78.0246913580247,25.925925925925927,Manvel Gamburyan,90.12345679012346,48.39506172839506,74.12587412587412
203d3425-b804-4206-b150-bbbe4150f89b,5.432098765432099,42.96296296296296,Matt Grice,73.08641975308642,86.17283950617283,60.13986013986014
a0d5996c-967f-47ec-a708-00584ef6d41d,36.04938271604938,89.38271604938272,Rob Emerson,8.148148148148149,69.1358024691358,55.24475524475525
386f0578-dea5-4cc8-8cc1-51ab4511c958,3.7037037037037037,46.17283950617284,Leonard Garcia,71.60493827160494,19.753086419753085,15.20979020979021
e72eb2d6-5956-4948-a09c-42b7c843fa3f,73.08641975308642,49.629629629629626,Alberto Crane,74.81481481481481,31.11111111111111,72.37762237762237
11daac82-45d0-4f21-b1e7-e219af682f97,1.9753086419753085,46.41975308641975,Alvin Robinson,37.03703703703704,48.641975308641975,11.188811188811188
d59a606a-4cf2-4cbe-846a-da7aeae5b852,12.345679012345679,33.08641975308642,Dennis Siver,86.41975308641975,98.27160493827161,72.72727272727273
e514353d-37ec-450b-abc9-57277e6d0f40,42.96296296296296,81.9753086419753,Sean Sherk,67.1604938271605,0.49382716049382713,47.55244755244755
e7e34027-a598-45f3-8660-8afd68fc82dd,75.80246913580247,71.35802469135803,Michihiro Omigawa,29.135802469135804,24.938271604938272,53.49650349650349
869af46f-fa43-4918-a2ed-6b19ea6d770a,83.20987654320987,49.876543209876544,Keita Nakamura,19.012345679012345,17.037037037037038,34.61538461538461
7b16314a-ea56-462f-8477-c17eff8386ed,27.65432098765432,51.358024691358025,Samy Schiavo,66.17283950617283,39.75308641975309,44.05594405594405
177a956a-ad75-4c25-b577-170f235434a8,26.666666666666668,77.03703703703704,Corey Hill,28.14814814814815,79.01234567901234,63.98601398601399
41d5a5ad-8f43-4582-88a0-e1fdfb4a9c72,89.62962962962963,87.1604938271605,Marcus Aurelio,68.88888888888889,73.58024691358025,95.8041958041958
81eee0b1-09d0-44a4-9f12-612d1bea7ec4,12.592592592592593,88.64197530864197,Josh Neer,85.4320987654321,62.22222222222222,75.17482517482517
b135472a-7890-4186-8c6e-3491e0ee3a23,8.641975308641975,28.14814814814815,Justin Buchholz,77.28395061728395,14.814814814814815,9.79020979020979
5bfc82a4-4810-4c49-92e8-4854adc55f3d,6.91358024691358,73.58024691358025,Dale Hartt,65.18518518518519,38.02469135802469,43.35664335664335
f69ac042-3264-425e-b74c-4b4fff01ebf2,1.728395061728395,40.74074074074074,Shannon Gugerty,90.61728395061728,13.580246913580247,17.832167832167833
4cb7722b-d2fc-428e-8039-9d36c5eb989d,80.74074074074075,31.11111111111111,Jess Liaudin,76.04938271604938,75.55555555555556,82.51748251748252
7125fcdc-ea5d-4608-9fee-7e3a4d3895a2,48.39506172839506,26.17283950617284,Rolando Delgado,79.25925925925925,28.641975308641975,42.65734265734266
06b53fcf-2936-4a48-96e0-d3b6edfa0ec2,49.382716049382715,44.69135802469136,Rafael Dos Anjos,83.70370370370371,96.04938271604938,87.06293706293707
e9493082-93e5-4590-b032-004e208c94f5,29.135802469135804,80.74074074074075,George Roop,23.703703703703702,22.71604938271605,25.874125874125873
48e740f0-5876-4a89-8eb5-2e2d0e66e43e,88.14814814814815,41.72839506172839,Aaron Riley,7.654320987654321,5.432098765432099,16.083916083916083
b920db18-47b9-47a7-9771-0e2c7bb03a3c,20.987654320987655,63.95061728395062,Junie Browning,81.48148148148148,50.864197530864196,68.88111888111888
b122ed11-bfcf-4fbf-938d-80939fedc4ec,24.691358024691358,70.61728395061728,David Kaplan,36.79012345679013,30.864197530864196,29.37062937062937
069e2e83-8205-42fc-ba28-5566b9b2a3e0,77.77777777777777,11.11111111111111,Kyle Bradley,26.91358024691358,23.950617283950617,13.286713286713287
8d76744d-a5b1-4654-bd42-40ab92d4da38,32.592592592592595,41.48148148148148,David Bielkheden,35.30864197530864,40.0,19.58041958041958
0174d21e-a84a-48a1-83dd-2e6ab3131c86,75.06172839506173,77.28395061728395,Phillipe Nover,27.901234567901234,22.22222222222222,54.89510489510489
3020e563-1185-43d2-aa05-1c52c03f1200,82.46913580246914,81.23456790123457,Shane Nelson,22.22222222222222,74.07407407407408,80.41958041958041
f12876ab-a82d-497c-89f8-d0e6a08f6dd7,13.08641975308642,98.0246913580247,Efrain Escudero,71.35802469135803,68.14814814814815,75.52447552447552
68ed31f0-7ebf-47af-b656-28d45d4f9e36,6.419753086419753,47.901234567901234,Jim Miller,99.25925925925925,73.08641975308642,71.32867132867133
5c8802ed-5f9e-451a-9660-f10d47faaf9c,100.0,38.27160493827161,Diego Sanchez,63.20987654320987,66.91358024691358,84.61538461538461
3423fc27-f945-48dc-ab9d-fa1958869fa4,3.45679012345679,5.185185185185185,Matt Veach,34.32098765432099,69.62962962962963,6.643356643356643
86f2f93e-7057-412c-90fc-e1b5a03ffa71,14.814814814814815,47.65432098765432,Mac Danzig,82.96296296296296,62.96296296296296,60.83916083916084
fc82d57e-60c9-4ca9-99e0-78a5de01aa4c,37.77777777777778,7.654320987654321,Evan Dunham,84.19753086419753,71.60493827160494,53.14685314685315
5dd7e878-d704-4ecc-99fd-a2ec123955f3,78.27160493827161,31.358024691358025,Caol Uno,25.185185185185187,20.493827160493826,24.475524475524477
ae193c23-982f-4acb-a697-f5bbcbfa51a1,15.802469135802468,49.135802469135804,Nik Lentz,88.39506172839506,72.34567901234568,70.97902097902097
be4b7cf4-0fb4-49a7-8f0a-77b2d02a91fc,69.87654320987654,71.85185185185185,Steve Lopez,36.54320987654321,33.08641975308642,64.68531468531468
1c182f7f-5c27-42f4-bbf0-ede37a66317f,37.03703703703704,2.2222222222222223,Rafaello Oliveira,64.19753086419753,2.962962962962963,4.895104895104895
5ca6e2f2-c5d4-4c4c-968d-6b381603a712,3.2098765432098766,79.50617283950618,Fabricio Camoes,75.30864197530865,9.62962962962963,32.51748251748252
7df9d5f2-68fd-47fa-8380-df44b1f50668,48.888888888888886,1.4814814814814814,Ross Pearson,0.24691358024691357,77.53086419753086,9.090909090909092
10248ea0-f57d-48a7-b888-3da73419f7b2,35.06172839506173,14.567901234567902,Andre Winner,10.123456790123457,70.37037037037037,10.13986013986014
d7ce4c4d-63a7-46eb-8d78-20b225c2ccc1,22.22222222222222,71.60493827160494,Joe Brammer,39.50617283950617,34.81481481481482,32.86713286713287
04ef9b96-66bc-4d34-9fff-022826303f7b,97.03703703703704,4.938271604938271,George Sotiropoulos,97.28395061728395,62.71604938271605,81.46853146853147
833ff3b0-3f7d-4cf5-9943-6b91b2fbd9c8,71.35802469135803,80.49382716049382,Ronys Torres,24.444444444444443,24.444444444444443,52.0979020979021
c6afcaa1-1d7b-406d-bc82-84faafb460b4,1.2345679012345678,0.24691358024691357,Takanori Gomi,4.197530864197531,82.46913580246914,2.797202797202797
24e986f2-8b8e-498a-b54c-6954447b3bce,31.85185185185185,38.02469135802469,Waylon Lowe,16.049382716049383,10.864197530864198,3.4965034965034967
43567023-e8a6-4cd9-9995-9c56af0dc956,49.629629629629626,80.0,John Gunderson,21.234567901234566,17.77777777777778,33.39160839160839
13b28755-cdfc-4288-895a-bbd55a350c8c,42.22222222222222,76.04938271604938,Paul Taylor,4.444444444444445,93.58024691358025,68.53146853146853
37dee1b6-712a-49d1-a387-0ca3785853e8,4.938271604938271,7.407407407407407,Charles Oliveira,100.0,96.29629629629629,61.18881118881119
30aafe6f-398e-44a3-9fad-792c230921e8,47.160493827160494,73.33333333333333,Paul Sass,97.53086419753086,22.962962962962962,73.77622377622377
1c099011-b22f-4238-b906-d4325ae7a331,34.5679012345679,27.40740740740741,Curt Warburton,25.432098765432098,19.012345679012345,4.545454545454546
e261c9a7-f6cf-4c99-bf3f-c35b224ff7c3,15.555555555555555,4.691358024691358,Edson Barboza,0.7407407407407407,95.30864197530865,7.6923076923076925
ccda71a8-fa4e-457d-9432-e6d638139a82,27.901234567901234,8.641975308641975,TJ O'Brien,39.01234567901235,37.53086419753087,6.993006993006993
c9c5a375-f962-4087-a615-06c5d207db63,41.97530864197531,16.790123456790123,Marcus Davis,94.81481481481481,92.5925925925926,74.47552447552448
a40ebf1a-9a78-498b-bb09-984fb3e78005,0.7407407407407407,11.851851851851851,Michael Johnson,0.49382716049382713,85.92592592592592,3.8461538461538463
89797f4c-ab41-45f4-abf5-296e9f151cc4,72.09876543209876,26.419753086419753,Kyle Watson,30.37037037037037,25.432098765432098,23.776223776223777
23ea8d6b-521f-4b8e-bba1-a5ecd621feaa,46.41975308641975,42.22222222222222,John Makdessi,1.4814814814814814,85.18518518518519,39.16083916083916
f8c2b1ee-98bf-42fe-995c-fd8752f11966,99.75308641975309,1.728395061728395,Donald Cerrone,95.30864197530865,98.51851851851852,92.65734265734265
7e42d93d-5c5d-44e5-81a9-62a5e5529df4,4.691358024691358,32.839506172839506,Cody McKenzie,92.5925925925926,7.160493827160494,11.538461538461538
e3426c4f-0897-46a4-b741-1a2719393455,92.8395061728395,90.12345679012346,Anthony Njokuani,3.950617283950617,79.25925925925925,83.56643356643356
9b70845d-5eb4-4a5b-a0ed-8ca3172ae13d,10.37037037037037,14.320987654320987,Kamal Shalorus,26.666666666666668,20.0,1.3986013986013985
65722fd5-7000-475f-9e53-2268ee3c1074,45.67901234567901,24.938271604938272,Danny Castillo,1.9753086419753085,61.23456790123457,10.839160839160838
d5daf090-c234-4a3e-a6ad-d6846c244c7a,48.148148148148145,54.074074074074076,Danny Downes,25.925925925925927,23.703703703703702,21.678321678321677
fd3b12b6-74d3-4f1c-b9b1-e0de2f073f8c,47.407407407407405,98.27160493827161,Anthony Pettis,93.58024691358025,78.27160493827161,95.45454545454545
c04ee6c2-2848-4de6-a19e-de5419c1f012,56.54320987654321,79.75308641975309,Benson Henderson,69.38271604938272,64.19753086419753,84.96503496503496
1b3a6f55-6402-4f1e-bc8a-d0b99f009f52,9.135802469135802,20.246913580246915,Shane Roller,10.617283950617283,88.39506172839506,9.44055944055944
90e80b30-c983-43a8-8029-81ae76c72723,21.728395061728396,10.617283950617283,Edward Faaloloto,55.06172839506173,52.098765432098766,12.762237762237762
dfca9b62-0799-427b-8f03-58966afa248a,77.28395061728395,74.5679012345679,Shamar Bailey,26.17283950617284,19.25925925925926,50.0
1639d061-7627-4a9d-ac57-5c8c26974939,96.04938271604938,52.098765432098766,TJ Grant,71.85185185185185,96.54320987654322,95.1048951048951
37e236cb-68ba-43cd-96d3-14b6cd9b168d,29.62962962962963,19.25925925925926,Vagner Rocha,79.01234567901234,20.74074074074074,18.181818181818183
3dadb56d-d2df-41bd-96ae-55c0b82f06ca,84.19753086419753,21.728395061728396,Dennis Hallman,91.35802469135803,91.85185185185185,91.95804195804196
ea45f84c-0222-4375-a2ad-adabcbdbfe47,26.91358024691358,78.76543209876543,John Cholish,26.419753086419753,60.98765432098765,47.9020979020979
e8c935a3-17c8-4761-aa7b-a638c33f0b33,16.790123456790123,11.604938271604938,Mitch Clarke,75.06172839506173,4.691358024691358,5.594405594405594
31eccee1-7b95-49a3-8617-7f9409079e08,98.76543209876543,99.01234567901234,Tony Ferguson,98.76543209876543,85.67901234567901,99.65034965034965
50a9d607-271c-43d0-9802-d72a6a420674,98.0246913580247,99.50617283950618,Khabib Nurmagomedov,98.27160493827161,94.07407407407408,100.0
af110cea-71fe-47e5-8e32-d7d535fd58f3,91.60493827160494,91.85185185185185,Reza Madadi,85.67901234567901,11.11111111111111,89.16083916083916
3b6ef792-98f1-42e9-982a-5c8740380d28,71.60493827160494,72.8395061728395,Bernardo Magalhaes,32.592592592592595,27.40740740740741,57.69230769230769
36a0325d-bf3f-4cd5-9bc1-aaa25a070a3e,87.4074074074074,88.39506172839506,John Alessio,11.604938271604938,6.91358024691358,48.25174825174825
31775d72-46ca-459f-8348-7f72032d7854,27.160493827160494,72.09876543209876,Yoislandy Izquierdo,33.58024691358025,53.82716049382716,44.75524475524475
8011aee8-d438-4838-b468-36020c302820,27.40740740740741,82.46913580246914,Anton Kuivanen,24.19753086419753,17.530864197530864,21.32867132867133
d558ea66-a439-4a7b-9df8-d495017022fd,31.358024691358025,2.7160493827160495,Justin Salas,14.074074074074074,76.29629629629629,8.391608391608392
dc3bfc02-897c-4451-8ebe-490d1490bf93,77.03703703703704,33.82716049382716,Carlo Prater,27.40740740740741,19.506172839506174,26.923076923076923
a3056db3-96f6-4884-bb2b-a79ef24e9c04,4.197530864197531,93.58024691358025,Michael Chiesa,99.01234567901234,2.2222222222222223,51.04895104895105
6cfc0259-392a-4852-9678-9d024a34217c,80.24691358024691,83.70370370370371,Tim Means,16.790123456790123,76.79012345679013,78.67132867132867
184ab193-49bc-40c6-8554-6d764cfd1034,82.96296296296296,55.55555555555556,Cristiano Marcello,15.061728395061728,8.395061728395062,28.496503496503497
88d7be12-f457-4b59-bc30-3d46ee6a3d2e,38.51851851851852,17.77777777777778,Joe Proctor,78.51851851851852,88.88888888888889,69.93006993006993
9fe00ad4-82a4-43bb-b9a3-65fa190ca447,76.04938271604938,44.93827160493827,Henry Martinez,24.691358024691358,21.728395061728396,32.16783216783217
1803aa03-7f47-4e80-87c8-8754d9c4be36,18.765432098765434,23.209876543209877,CJ Keith,51.851851851851855,45.67901234567901,12.762237762237762
9730eccc-5fcd-4441-9d26-4afb0602dbe2,0.9876543209876543,96.79012345679013,Daron Cruickshank,2.7160493827160495,87.65432098765432,45.10489510489511
665a2d16-df3b-40b6-9140-94ead209e856,15.308641975308642,98.51851851851852,Al Iaquinta,62.46913580246913,90.61728395061728,84.26573426573427
6868b887-4aea-4b4d-9d84-4eb828bfc78d,65.67901234567901,6.666666666666667,Jeremy Larsen,40.24691358024691,59.25925925925926,37.41258741258741
394c65aa-7004-4ae7-971b-7f3c92ef0d6f,88.64197530864197,93.82716049382717,Myles Jury,70.12345679012346,92.09876543209876,98.25174825174825
83b29f4a-7968-405f-a001-e1023fa7a7bb,93.33333333333333,94.81481481481481,Jon Tuck,89.38271604938272,34.5679012345679,94.75524475524476
47de9b01-5d87-458d-856f-ce77737ce266,72.8395061728395,75.55555555555556,Colin Fletcher,29.62962962962963,25.925925925925927,56.81818181818182
da103a29-bcc5-4bc3-a640-ec26441237dc,86.66666666666667,84.44444444444444,Isaac Vallie-Flagg,11.358024691358025,9.382716049382717,47.2027972027972
2be5be59-648b-4628-afb2-34731147d184,66.17283950617283,19.506172839506174,Lucas Martins,41.48148148148148,80.98765432098766,60.48951048951049
0005ce1a-13eb-4f1f-9e6d-4d0263ace7c9,2.7160493827160495,51.60493827160494,Abel Trujillo,72.09876543209876,83.20987654320987,61.88811188811189
a98424f6-4896-4ca1-b84a-7eb43566481c,43.7037037037037,54.5679012345679,Rustam Khabilov,2.4691358024691357,67.90123456790124,33.39160839160839
4dd6eae8-dfa4-49af-9935-8288c6b2ac93,30.37037037037037,43.20987654320987,Vinc Pichel,9.382716049382717,78.76543209876543,27.972027972027973
9afe9a48-d9c0-4b07-b304-e9e95e33b05e,97.77777777777777,50.123456790123456,Bobby Green,66.66666666666667,62.46913580246913,87.76223776223776
12b557a3-c43e-4ab9-98c4-5a0d0c016076,96.79012345679013,96.04938271604938,Norman Parke,2.962962962962963,60.49382716049383,77.62237762237763
e5d78d80-2c18-4494-80b0-5dd46e8d5d36,9.62962962962963,30.617283950617285,Mike Rio,81.9753086419753,18.02469135802469,13.636363636363637
602d449d-170a-4dc4-a62d-ec93f9281fc5,68.64197530864197,26.666666666666668,Ryan Couture,32.839506172839506,28.88888888888889,26.573426573426573
be378aef-22c1-44fa-ac71-8a88a922d5c8,79.25925925925925,85.4320987654321,Mike Ricci,20.493827160493826,18.765432098765434,56.11888111888112
5e5e383f-bfef-4180-b373-616bf6393b06,34.074074074074076,92.5925925925926,Gilbert Melendez,9.135802469135802,4.938271604938271,14.685314685314685
7b6018e1-6e40-4630-b9f7-bc66304fb6b4,70.8641975308642,15.555555555555555,Roger Bowling,63.45679012345679,27.65432098765432,39.86013986013986
08942e02-9a12-4c48-97a2-9e102712f1ff,64.93827160493827,89.1358024691358,Josh Thomson,12.098765432098766,70.61728395061728,73.42657342657343
0ed25544-caa5-4afc-91d5-b0f2ca507508,14.567901234567902,1.2345679012345678,Yancy Medeiros,92.34567901234568,97.28395061728395,59.09090909090909
64157259-e37d-4532-b97e-6ee8ecc7528f,41.72839506172839,90.61728395061728,Pat Healy,65.67901234567901,11.851851851851851,62.58741258741259
361f7b29-4933-4e38-a695-4b22b118a062,85.18518518518519,87.4074074074074,John Maguire,74.5679012345679,5.679012345679013,75.87412587412588
530c0455-99a5-462e-9f0c-9b53da437f75,36.54320987654321,89.62962962962963,KJ Noons,9.62962962962963,74.5679012345679,63.63636363636363
212b3c2e-d565-439f-a878-9bacbd595b2c,92.34567901234568,97.03703703703704,Jorge Masvidal,69.87654320987654,3.45679012345679,81.81818181818181
f02be780-ba02-4b80-a34e-dff6704b70dc,91.85185185185185,43.95061728395062,James Krause,86.66666666666667,65.92592592592592,91.60839160839161
007928c9-3df0-4e68-bf5f-433b03dd5607,95.80246913580247,97.28395061728395,Michel Prazeres,89.1358024691358,39.25925925925926,96.15384615384616
8b32cd07-da59-43ba-aa16-a4b914af5359,91.35802469135803,37.28395061728395,Piotr Hallmann,87.90123456790124,7.654320987654321,70.27972027972028
051501e1-08e9-49e8-8f51-bf0ed4d3788e,81.23456790123457,83.45679012345678,Jesse Ronson,19.25925925925926,16.049382716049383,51.74825174825175
fb98a314-0c85-4a8d-bc5f-5f41f4d3718c,89.87654320987654,13.580246913580247,Alan Patrick,7.901234567901234,66.66666666666667,40.55944055944056
e2af1a84-26db-42ac-9aaa-6b6d52add366,96.54320987654322,4.197530864197531,James Vick,91.85185185185185,86.91358024691358,88.46153846153847
bdd3905b-4ce0-4e98-b314-d2d87bbbea8b,74.07407407407408,28.395061728395063,Garett Whiteley,27.65432098765432,20.987654320987655,20.97902097902098
8eb308ce-b9b6-41a9-a33c-830f54d28255,87.90123456790124,11.358024691358025,Adriano Martins,73.33333333333333,90.37037037037037,82.16783216783217
63dfae70-1c6e-4e0f-bb5a-3c2052c06a6e,33.08641975308642,53.333333333333336,Tae Hyun Bang,13.333333333333334,70.8641975308642,36.71328671328671
c4adc72f-0c27-4fce-ae82-9030f60586c2,86.17283950617283,37.77777777777778,Elias Silverio,75.80246913580247,11.358024691358025,64.33566433566433
6157c58a-283d-455a-9557-b79bdd3bd5e7,2.962962962962963,0.9876543209876543,Charlie Brenneman,5.432098765432099,1.9753086419753085,0.34965034965034963
f4ab6914-eea8-49bf-abbb-576b38aa5321,94.5679012345679,16.049382716049383,Erik Koch,74.07407407407408,80.24691358024691,83.21678321678321
9ec7ab06-1fbf-48a7-938c-069b3b8edf17,21.234567901234566,21.97530864197531,Katsunori Kikuno,41.23456790123457,34.32098765432099,8.041958041958042
67bf9169-e764-4734-b90b-ac89795b3916,91.11111111111111,40.98765432098765,Rodrigo Damm,69.62962962962963,2.4691358024691357,57.34265734265734
c76941b2-8d15-4cc1-8bf4-a89d1e926ef1,11.851851851851851,94.07407407407408,Anthony Rocco Martin,86.91358024691358,4.197530864197531,49.65034965034965
c1e41a90-7233-4af1-9907-e7337f9443b6,24.19753086419753,76.54320987654322,Ernest Chavez,30.123456790123456,24.19753086419753,24.125874125874127
d984280a-9cf5-45ef-bdb9-240881d837fa,40.49382716049383,84.93827160493827,Ivan Jorge,18.02469135802469,13.08641975308642,26.223776223776223
c0e0bf5f-eabf-4f2a-a755-edbe55b12847,94.07407407407408,93.33333333333333,Rashid Magomedov,7.160493827160494,72.09876543209876,83.91608391608392
e0e66957-5a80-420c-9486-08556475f8d9,33.58024691358025,39.75308641975309,Justin Edwards,73.58024691358025,5.185185185185185,22.727272727272727
179f2045-0d04-479e-9f4d-90f95268cef4,12.839506172839506,10.864197530864198,Beneil Dariush,98.51851851851852,92.8395061728395,67.83216783216783
1cf67cc6-fe34-4d50-bbf8-cedc20ac2453,80.49382716049382,85.67901234567901,Yosdenis Cedeno,16.54320987654321,74.32098765432099,78.32167832167832
e156be2d-329d-4386-93f5-f00b7f0b3945,5.925925925925926,77.77777777777777,Kevin Lee,93.33333333333333,98.0246913580247,87.41258741258741
de412daf-2fd8-4c99-a2aa-31cb7c217529,90.37037037037037,91.11111111111111,Mairbek Taisumov,6.91358024691358,99.25925925925925,91.25874125874125
238350e2-3f3b-4bb5-9a20-3ee7a4a934de,54.074074074074076,5.432098765432099,Ben Wall,54.81481481481482,51.851851851851855,31.11888111888112
957aa092-3069-4481-9041-49019eded7e0,16.049382716049383,33.333333333333336,Jason High,87.1604938271605,12.592592592592593,19.23076923076923
27802f98-4d51-4565-ad63-8bb3c7715255,95.30864197530865,46.666666666666664,Diego Ferreira,89.62962962962963,95.06172839506173,96.85314685314685
527c545b-e9e5-498c-81b0-e2f7e96e82af,53.58024691358025,33.58024691358025,Jason Saggo,11.851851851851851,89.38271604938272,45.45454545454545
6a41f8b5-a44d-4fcc-a711-8bc52204ac6e,35.55555555555556,48.39506172839506,Kajan Johnson,6.666666666666667,71.35802469135803,28.496503496503497
afea542a-0cff-4170-902d-503326353e9f,2.4691358024691357,88.88888888888889,Drew Dober,68.14814814814815,99.01234567901234,79.37062937062937
0b9ce48b-4424-43d4-aa0f-306a899a4fa6,23.45679012345679,74.32098765432099,James Moontasri,80.49382716049382,35.55555555555556,67.48251748251748
94238c23-55bf-43c2-913f-e2327c520e18,37.28395061728395,45.925925925925924,Nick Hein,5.679012345679013,1.2345679012345678,3.1468531468531467
9a00512e-a190-4538-877b-852f37e92c8d,65.18518518518519,25.679012345679013,Josh Shockley,63.95061728395062,36.2962962962963,46.85314685314685
c755d123-912d-4b73-b365-f2f05457bce3,43.95061728395062,39.25925925925926,Jake Matthews,95.06172839506173,75.06172839506173,76.57342657342657
9f42f279-8fd1-4ac5-8c3a-0414cb937fbc,81.48148148148148,85.18518518518519,Valmir Lazaro,20.987654320987655,14.320987654320987,54.54545454545455
08f2e1a7-fffa-4fb9-b277-d2c04cac81b4,84.69135802469135,84.69135802469135,Zhang Lipeng,14.320987654320987,6.419753086419753,45.97902097902098
f0a301fa-0919-4232-b00f-b9bd49b43ff9,83.45679012345678,58.27160493827161,Akbarh Arreola,76.79012345679013,67.65432098765432,90.9090909090909
1bcecfe0-0b36-432a-b457-66ad42998f53,79.75308641975309,30.37037037037037,Brendan O'Reilly,20.0,9.135802469135802,12.237762237762238
867ada88-0eac-4f07-8b3f-608ae7f7770c,89.38271604938272,92.34567901234568,Chris Wade,87.4074074074074,3.950617283950617,86.36363636363636
63473c17-c9aa-462e-9f4b-4968020708c7,97.28395061728395,95.30864197530865,Olivier Aubin-Mercier,95.55555555555556,64.93827160493827,99.3006993006993
6e0c33d0-5263-44fe-8b34-72045f97a446,98.27160493827161,99.25925925925925,Paul Felder,66.91358024691358,88.64197530864197,98.95104895104895
5ed0b050-4a9c-4e29-a99c-0d6d41de71ed,11.604938271604938,87.90123456790124,Christos Giagos,70.61728395061728,8.641975308641975,40.90909090909091
d6b47a53-2da2-44bb-8148-9ee432317501,85.4320987654321,39.50617283950617,Chad Laprise,9.876543209876543,77.03703703703704,65.03496503496504
8ac75c25-23bd-49ae-b2e5-8a729309c659,36.79012345679013,91.35802469135803,Johnny Case,71.11111111111111,84.19753086419753,90.03496503496504
f81a3708-6633-4d3f-a5fa-43f42be721d6,52.592592592592595,12.098765432098766,Eddie Alvarez,12.839506172839506,92.34567901234568,35.48951048951049
2ba2ea4b-1147-4774-8be6-17b3317e5b42,21.97530864197531,70.12345679012346,Cain Carrizosa,38.51851851851852,33.82716049382716,29.895104895104897
47914bc6-64dc-4438-bfbf-16defdf16c4d,88.88888888888889,88.14814814814815,Yan Cabral,76.54320987654322,5.925925925925926,79.72027972027972
723ce48b-71c0-46ca-bdb0-8c96108656be,93.82716049382717,95.06172839506173,Leandro Silva,82.46913580246914,0.9876543209876543,85.66433566433567
bc7b3297-3ed0-4ede-9b97-bfb8f1126ec8,67.65432098765432,15.802469135802468,Rodrigo de Lima,64.69135802469135,31.85185185185185,41.78321678321678
1b4212ef-488d-4ff0-ad59-ec6a55eae140,72.34567901234568,76.79012345679013,Bryan Barberena,31.11111111111111,77.77777777777777,79.02097902097903
f34da526-188c-4b45-83cb-6271a141fa17,28.14814814814815,82.71604938271605,David Michaud,21.48148148148148,16.54320987654321,18.706293706293707
0464754a-a8c5-4c7c-a067-5223f6a041f6,82.71604938271605,42.46913580246913,Frankie Perez,18.51851851851852,75.80246913580247,69.23076923076923
f3f7ecaa-f9f1-4694-8f3c-b8f273897939,22.469135802469136,16.54320987654321,Jorge de Oliveira,39.25925925925926,33.58024691358025,6.293706293706293
9509b565-c130-43c6-9ce1-49d46180e335,8.395061728395062,83.95061728395062,Cody Pfister,17.77777777777778,15.308641975308642,8.741258741258742
9ee1836a-a39f-48b4-8314-0c9424c4b838,95.55555555555556,14.074074074074074,Stevie Ray,64.93827160493827,90.12345679012346,82.86713286713287
a2839c47-e4a8-4bf1-8531-8337a219c4dc,38.02469135802469,40.24691358024691,Joe Duffy,85.92592592592592,82.96296296296296,74.82517482517483
9206ecfb-1a48-4c0c-864d-d7415c728708,39.01234567901235,90.37037037037037,Alexander Yakovlev,75.55555555555556,68.39506172839506,86.7132867132867
93f50148-350d-43d7-a0c3-3d0ca806ef82,29.382716049382715,8.148148148148149,Leonardo Mafra,19.753086419753085,16.296296296296298,1.7482517482517483
ae6ae2a7-4523-4f5f-bdcd-276dcaff58b5,14.074074074074074,50.617283950617285,Dustin Poirier,91.60493827160494,97.77777777777777,76.92307692307692
313a203f-6029-4fb8-a51f-cd022256bc4e,11.11111111111111,91.60493827160494,Alex Oliveira,72.8395061728395,84.69135802469135,80.76923076923077
a9522b08-f2fd-4a54-b0ba-78662f10b189,23.950617283950617,58.51851851851852,Leo Kuntz,34.074074074074076,29.382716049382715,17.132867132867133
e6499d90-0f83-4362-ba79-0334e46654cb,93.58024691358025,41.97530864197531,Islam Makhachev,88.14814814814815,76.04938271604938,93.35664335664336
e40b22ae-94ab-4416-a5c2-50c84e29926e,29.876543209876544,82.22222222222223,Magomed Mustafaev,22.469135802469136,93.08641975308642,72.02797202797203
38604cd9-57e9-4d00-ad96-c1edad926fab,81.9753086419753,86.17283950617283,Mickael Lebout,20.246913580246915,16.790123456790123,58.39160839160839
f64c8ef2-c197-4379-b6fe-e8bc2075deb5,9.876543209876543,17.037037037037038,Sage Northcutt,72.5925925925926,86.66666666666667,44.40559440559441
fb3b6017-6b33-4a11-9ed2-f44c9319ad09,36.2962962962963,75.80246913580247,Tony Sims,35.06172839506173,79.75308641975309,71.67832167832168
a9e3eb1e-e44a-4b2e-8e03-aed50067fc0c,97.53086419753086,97.77777777777777,Scott Holtzman,67.65432098765432,76.54320987654322,97.9020979020979
8f1757de-7ebb-4adc-9cf6-802d805e3f24,84.93827160493827,1.9753086419753085,Andrew Holbrook,18.765432098765434,9.876543209876543,7.3426573426573425
7543f6c3-6f59-4345-8c83-cbe273ec6f7f,87.65432098765432,23.950617283950617,Joaquim Silva,10.37037037037037,72.8395061728395,48.6013986013986
772ff1ba-5a0d-48a6-ab79-80ea5b5fa793,9.382716049382717,86.91358024691358,Chris Gruetzemacher,17.28395061728395,82.22222222222223,48.95104895104895
4f3a9e64-3be3-47e1-b2ae-a7d5d1c32eba,22.71604938271605,73.82716049382717,Mehdi Baghdad,38.76543209876543,38.27160493827161,38.11188811188811
31c68fed-c5bd-442c-9520-29d58d01e281,53.82716049382716,5.679012345679013,Cesar Arzamendia,69.1358024691358,53.58024691358025,42.30769230769231
c85e7724-18d5-4388-a589-c12e16017555,75.55555555555556,80.24691358024691,Ryan Hall,77.77777777777777,21.48148148148148,77.27272727272727
c903130d-fb77-42f8-a9bd-00102f4aef64,84.44444444444444,2.962962962962963,Polo Reyes,14.567901234567902,96.79012345679013,50.6993006993007
e6072afd-3dfb-40b2-94ed-f82253897e12,1.4814814814814814,10.123456790123457,Joshua Burkman,67.90123456790124,3.7037037037037037,2.4475524475524475
4ab834b2-8e2e-4d1c-aaf0-28cd6c197b2d,32.34567901234568,41.23456790123457,Damir Hadzovic,8.641975308641975,87.90123456790124,36.01398601398601
d7f6bb37-3d89-42de-884e-008e5da92da1,50.617283950617285,27.160493827160494,Jordan Rinaldi,80.24691358024691,32.592592592592595,46.50349650349651
584b23ce-923f-4efa-a595-cc2a1c1d012a,46.17283950617284,35.30864197530864,Damien Brown,11.11111111111111,71.85185185185185,29.895104895104897
6bedc72a-7120-46ec-a273-3ab76a8598ee,35.30864197530864,40.49382716049383,David Teymur,8.88888888888889,86.41975308641975,37.06293706293706
8c2a87bb-10c4-49a1-a487-b67ae19dd63a,10.123456790123457,8.395061728395062,Thibault Gouti,13.08641975308642,75.30864197530865,5.244755244755245
0fb9c459-1f2a-40f1-8d17-957da8242e8b,73.58024691358025,77.53086419753086,Enrique Marin,30.617283950617285,23.45679012345679,58.74125874125874
499bba9e-d78e-437e-bef0-df4ceaeffa9d,40.24691358024691,66.17283950617283,JC Cottrell,41.72839506172839,35.80246913580247,43.70629370629371
281c0522-14d2-482c-a4fc-f94e51f496af,68.39506172839506,29.876543209876544,Jason Novelli,35.55555555555556,31.358024691358025,30.594405594405593
dd110c3b-f0a6-4a33-9425-4973e2441f37,66.66666666666667,22.962962962962962,Alessandro Ricci,40.74074074074074,36.54320987654321,31.818181818181817
3bedaef4-a92d-486a-abbd-bfe052bcb7ae,28.641975308641975,78.27160493827161,Will Brooks,15.555555555555555,21.234567901234566,16.433566433566433
0eff65cb-e307-46e5-975a-2830fe146324,22.962962962962962,25.432098765432098,Felipe Silva,36.2962962962963,94.32098765432099,41.25874125874126
48a7524b-6a63-472e-8f94-379b52da7033,41.48148148148148,95.80246913580247,Lando Vannata,70.8641975308642,64.69135802469135,86.01398601398601
626e5b5c-fc59-4dfe-9a36-f8f417e95a5a,87.1604938271605,34.81481481481482,Gregor Gillespie,91.11111111111111,94.81481481481481,94.4055944055944
b299f8e8-b4c5-4769-b0f2-9b8c80ca6536,7.654320987654321,26.91358024691358,Jason Gonzalez,72.34567901234568,33.333333333333336,14.335664335664335
666c343f-4ae0-425e-a337-4a5509229e44,76.54320987654322,8.88888888888889,Claudio Puelles,80.0,59.50617283950617,70.62937062937063
40bd46f8-eed1-4280-9703-603b38b2fa41,49.876543209876544,45.4320987654321,Michael McBride,33.333333333333336,34.074074074074076,29.02097902097902
ff58fb55-8702-466b-a55d-2422635bc24a,5.679012345679013,45.18518518518518,Conor McGregor,4.691358024691358,100.0,25.0
e2f84b92-c597-4ad5-bda7-d41bd12ad3fe,40.98765432098765,96.29629629629629,Marc Diakiese,3.7037037037037037,66.41975308641975,59.79020979020979
f48fe7f8-d273-42b4-b47a-291beacfad82,42.71604938271605,38.51851851851852,Alex White,3.45679012345679,81.9753086419753,31.46853146853147
40c050e9-fbe7-48f3-9eba-ca5915a8f861,93.08641975308642,46.91358024691358,Drakkar Klose,5.185185185185185,8.88888888888889,23.426573426573427
b841e088-f04b-4080-98d6-fbf31f4ced9d,45.18518518518518,52.34567901234568,Dan Hooker,90.37037037037037,97.53086419753086,90.55944055944056
6331f075-8d91-4d7e-a72a-f34572dac35c,96.29629629629629,12.839506172839506,Justin Gaethje,7.407407407407407,97.03703703703704,67.13286713286713
b9045c41-aded-4e12-bd97-d719f541346c,7.901234567901234,22.71604938271605,Alvaro Herrera,63.7037037037037,79.50617283950618,38.46153846153846
5bebdb59-e443-4c94-9d93-0cea7c5e2aca,94.32098765432099,51.111111111111114,Hacran Dias,3.2098765432098766,0.24691358024691357,18.706293706293707
6a2f74d2-560b-47d2-a476-81417bfcb92e,69.62962962962963,35.55555555555556,Michel Quinones,32.098765432098766,27.901234567901234,30.594405594405593
11d424b2-bd63-4e69-9760-ebd2774b0808,82.22222222222223,34.32098765432099,Nasrat Haqparast,10.864197530864198,85.4320987654321,65.38461538461539
0d6495ba-161f-409a-aa0d-bfb37fc644dc,85.92592592592592,9.382716049382717,Jared Gordon,12.592592592592593,91.35802469135803,51.3986013986014
c9a6f994-2e44-4127-9762-f46caf5b406e,90.8641975308642,90.8641975308642,Davi Ramos,93.82716049382717,7.901234567901234,90.03496503496504
b92e28b2-607e-43f8-be11-901e2c891d12,79.50617283950618,37.03703703703704,Matt Frevola,19.506172839506174,10.37037037037037,17.482517482517483
99715218-9b0e-4645-ab68-2adbcd20c6fb,95.06172839506173,94.32098765432099,Mizuto Hirota,4.938271604938271,1.4814814814814814,49.3006993006993
65578477-69d4-4b5a-b64d-0225b4aa2f18,90.12345679012346,35.80246913580247,Alexander Hernandez,13.580246913580247,73.82716049382717,66.08391608391608
add12351-de0e-44a1-a7a0-5ef3fb79bc50,74.81481481481481,78.51851851851852,Michael Trizano,31.604938271604937,28.395061728395063,66.60839160839161
50f2fcd6-bcc6-4cd1-af53-6bed6d0b0946,23.209876543209877,53.58024691358025,John Gunther,41.97530864197531,36.79012345679013,25.0
b2fe1055-f819-4d4b-b924-1dbf3ec8c273,42.46913580246913,92.8395061728395,Luis Pena,84.69135802469135,84.93827160493827,94.05594405594405
a173b25b-0561-4011-9386-c98b71f90037,76.79012345679013,25.185185185185187,Dan Moret,23.950617283950617,15.555555555555555,15.734265734265735
47555abc-b31e-451a-82c0-b56607de2599,79.01234567901234,86.41975308641975,Jessin Ayari,22.71604938271605,12.839506172839506,52.62237762237762
58dc50b3-1352-4cf5-a83c-628324a9ff9c,70.12345679012346,80.98765432098766,Jesus Pinedo,29.382716049382715,29.135802469135804,61.88811188811189
c109b330-4858-4d55-b1cd-740cd5fbd217,83.70370370370371,79.25925925925925,Thiago Moises,82.22222222222223,8.148148148148149,76.22377622377623
9f1c414b-d2a5-4d09-9501-aca05022a9dd,83.95061728395062,87.65432098765432,Roosevelt Roberts,89.87654320987654,61.72839506172839,96.5034965034965
9b3a5514-cb3b-4b2d-8d87-7d1a035f595a,31.604938271604937,15.061728395061728,Dennis Bermudez,83.95061728395062,71.11111111111111,54.19580419580419
fbe8a49c-ae36-4ef2-8e78-e610e8bf9fb8,67.1604938271605,23.703703703703702,Te Edwards,33.08641975308642,28.14814814814815,22.202797202797203
e336e6c4-9393-4a78-aaf5-fef9e777b32f,32.098765432098766,50.864197530864196,Marcos Mariano,40.0,32.839506172839506,25.524475524475523
73011cbb-d9d5-4751-8a9b-2e9c1aa703cf,78.76543209876543,84.19753086419753,Damir Ismagulov,20.74074074074074,20.246913580246915,56.81818181818182
a04140ef-6ec2-418f-9fe2-4680f9cb56be,49.135802469135804,100.0,Max Holloway,82.71604938271605,99.75308641975309,97.2027972027972
ba649215-9809-4484-be3a-fe557003261a,88.39506172839506,85.92592592592592,Arman Tsarukyan,22.962962962962962,18.271604938271604,68.18181818181819
936a913d-06d4-4d06-bd7b-b583f4f76624,73.33333333333333,78.0246913580247,Joel Alvarez,80.74074074074075,67.1604938271605,93.00699300699301
5944953e-ad67-4543-9fca-5dfb30ed364e,73.82716049382717,29.382716049382715,Rafael Fiziev,24.938271604938272,22.469135802469136,20.62937062937063
3527eb73-1948-4862-82f8-e0fc9ead4299,26.419753086419753,74.07407407407408,Mike Davis,34.81481481481482,87.4074074074074,69.58041958041959
bf7163ba-6c6b-4144-8429-9cd364ed0ddc,74.5679012345679,16.296296296296298,Thomas Gifford,28.395061728395063,24.691358024691358,16.783216783216783
9d430c54-8f10-4569-b4cf-337a99711ab7,39.50617283950617,30.123456790123456,Kurt Holobaugh,18.271604938271604,61.97530864197531,19.93006993006993
6fae5c3c-37cc-4525-b66a-c88703ce94fd,70.61728395061728,76.29629629629629,Kyle Prepolec,27.160493827160494,26.91358024691358,52.62237762237762
9b974766-dce9-47b4-98b0-deb48856fc9f,65.92592592592592,70.8641975308642,Mark Madsen,42.46913580246913,80.49382716049382,80.06993006993007
ad437ec2-c8b3-4e46-b3fe-5258fdb66ef8,46.666666666666664,75.30864197530865,Khama Worthy,77.03703703703704,80.74074074074075,88.81118881118881
ee068f44-fdeb-44d0-a2dc-42ffcda6067c,71.85185185185185,81.48148148148148,Brad Riddell,28.641975308641975,74.81481481481481,77.97202797202797
5e7732fd-07b9-46db-80d3-3dafe1959a38,37.53086419753087,12.345679012345679,Renato Moicano,95.80246913580247,60.74074074074074,59.44055944055944
7e58668a-e3d0-4d10-ac2f-df1c11ffeef7,77.53086419753086,81.72839506172839,Omar Morales,28.88888888888889,21.97530864197531,63.11188811188811
a3b33100-5489-4af4-a0c9-caeb7269782c,38.27160493827161,13.333333333333334,Gabriel Benitez,93.08641975308642,91.60493827160494,73.07692307692308
479c8246-17ca-411d-8f03-4f598d84a48f,25.925925925925927,48.148148148148145,Brok Weaver,64.44444444444444,44.44444444444444,43.00699300699301
f32243d7-94e8-4475-8088-c7d7e69cfd41,50.370370370370374,34.5679012345679,Charles Rosa,84.44444444444444,0.7407407407407407,36.36363636363637
e60064a5-e317-4b94-bb2f-7e71fda5e1f0,86.41975308641975,36.2962962962963,Kevin Aguilar,12.345679012345679,6.172839506172839,15.20979020979021
